target	pipeline	val	ipTM	ipSAE	ipSAE_d0chn	pDockQ	pDockQ2	LIS	status
HER2	tier1_v2	0	0.83	0.4855	0.8029	0.6597	0.1888	0.3471	true_positive
HER2	tier1_v2	1	0.7	0.2377	0.7005	0.618	0.0511	0.176	true_positive
HER2	tier1_v2	2	0.85	0.5289	0.8231	0.664	0.2224	0.4	true_positive
HER2	tier1_v2	3							no_data
HER2	tier1_v2	4	0.16	0.0	0.0	0.1516	0.0138	0.0	false_positive
HER2	tier1_v2	5							no_data
HER2	tier1_v2	6	0.16	0.0	0.0	0.1942	0.0126	0.0	false_positive
HER2	tier1_v2	7	0.16	0.0	0.0	0.2347	0.0114	0.0	false_positive
HER2	tier1_v2	8	0.18	0.0	0.0	0.1239	0.0168	0.0163	false_positive
HER2	tier1_v2	9	0.27	0.0	0.0	0.1367	0.0225	0.0142	false_positive
Nectin-4	v2_fixed	0	0.21	0.0	0.0	0.0861	0.0116	0.0	false_positive
Nectin-4	v2_fixed	1	0.31	0.013	0.3707	0.1322	0.021	0.0665	weak
Nectin-4	v2_fixed	2	0.87	0.6794	0.8531	0.3556	0.7618	0.5063	true_positive
Nectin-4	v2_fixed	3	0.26	0.0	0.0	0.1863	0.0142	0.0049	false_positive
Nectin-4	v2_fixed	4	0.78	0.523	0.7422	0.2368	0.5343	0.3886	true_positive
CD36	pesto_v5	0	0.13	0.0	0.0	0.4616	0.0094	0.0	false_positive
CD36	pesto_v5	1	0.15	0.0	0.0	0.1793	0.0096	0.0	false_positive
CD36	pesto_v5	2	0.55	0.1934	0.6155	0.3144	0.1669	0.1442	true_positive
CD36	pesto_v5	3	0.19	0.0	0.0	0.4215	0.0105	0.0	false_positive
CD36	pesto_v5	4	0.21	0.0	0.0	0.0897	0.0129	0.0	false_positive
CD36	clustered_v1	0	0.18	0.0	0.0	0.0947	0.0149	0.0	false_positive
CD36	clustered_v1	1	0.17	0.0	0.0	0.2681	0.0108	0.0	false_positive
CD36	clustered_v1	2	0.33	0.0113	0.4968	0.156	0.0238	0.0367	weak
CD36	clustered_v1	3	0.16	0.0	0.0	0.1594	0.0102	0.0	false_positive
CD36	clustered_v1	4	0.17	0.0	0.0	0.254	0.0102	0.0	false_positive
CD36	clustered_v1	5	0.17	0.0	0.0	0.0809	0.0099	0.0	false_positive
CD36	clustered_v1	6	0.18	0.0	0.0	0.2077	0.0111	0.0	false_positive
CD36	clustered_v1	7	0.16	0.0	0.0	0.24	0.0101	0.0	false_positive
CD36	clustered_v1	8	0.19	0.0	0.0	0.2397	0.0117	0.0	false_positive
CD36	clustered_v1	9	0.15	0.0	0.0	0.3159	0.01	0.0	false_positive
CD36	domain_v1	0	0.2	0.0	0.0	0.3618	0.0114	0.0	false_positive
CD36	domain_v1	1							no_data
CD36	domain_v1	2							no_data
CD36	domain_v1	3							no_data
CD36	domain_v1	4							no_data
CD36	domain_v1	5							no_data
CD36	tier3_v5	0	0.14	0.0	0.0	0.0844	0.0096	0.0	false_positive
CD36	tier3_v5	1	0.43	0.0	0.0	0.3742	0.0179	0.0	false_positive
CD36	tier3_v5	2	0.14	0.0	0.0	0.1369	0.0098	0.0	false_positive
CD36	tier3_v5	3	0.22	0.0	0.0	0.1829	0.0119	0.0	false_positive
CD36	tier3_v5	4	0.12	0.0	0.0	0.2352	0.0096	0.0	false_positive
CD36	tier3_v5	5	0.15	0.0	0.0	0.128	0.0101	0.0	false_positive
CD36	tier3_v5	6	0.12	0.0	0.0	0.3537	0.0095	0.0	false_positive
CD36	tier3_v5	7	0.14	0.0	0.0	0.1545	0.0099	0.0	false_positive
CD36	tier3_v5	8	0.18	0.0	0.0	0.2388	0.0105	0.0	false_positive
CD36	tier3_v5	9	0.16	0.0	0.0	0.172	0.0105	0.0	false_positive
EGFR	cetuximab_v2	0	0.52	0.19	0.4607	0.265	0.2203	0.2533	true_positive
EGFR	cetuximab_v2	1	0.3	0.0155	0.3345	0.1736	0.0499	0.1244	weak
EGFR	cetuximab_v2	2	0.08	0.0	0.0	0.0739	0.0102	0.0	false_positive
EGFR	cetuximab_v2	3	0.21	0.0	0.0	0.243	0.0174	0.0	false_positive
EGFR	cetuximab_v2	4	0.15	0.0	0.0	0.1829	0.0133	0.0	false_positive
Trop2	v2_fixed	0	0.13	0.0	0.0	0.0295	0.0093	0.0	false_positive
Trop2	v2_fixed	1	0.2	0.0	0.0	0.0699	0.0136	0.0091	false_positive
Trop2	v2_fixed	2	0.22	0.0	0.0	0.0841	0.013	0.0	false_positive
Trop2	v2_fixed	3							no_data
Trop2	v2_fixed	4							no_data
